{
  "project_info": {
    "project_number": "603556122627",
    "project_id": "agrosuko-1288b",
    "storage_bucket": "agrosuko-1288b.firebasestorage.app"
  },
  "client": [
    {
      "client_info": {
        "mobilesdk_app_id": "1:603556122627:android:2e0cad47987b7c4b5d7e36",
        "android_client_info": {
          "package_name": "com.example.agrosuko"
        }
      },
      "oauth_client": [],
      "api_key": [
        {
          "current_key": "AIzaSyBTIoeks8nfOV5DKao-uFgqamD0md3quqo"
        }
      ],
      "services": {
        "appinvite_service": {
          "other_platform_oauth_client": []
        }
      }
    }
  ],
  "configuration_version": "1"
}